School_Name_EN,Zone_Desc_EN,SchoolGender_EN,School_Category_EN,School_Phone,School_Email
Khor Fakkan-2 Kindergarten,Sharjah / Eastern,Mixed,Public,065077120,ALABRAAR.KHR@moe.gov.ae
AL-MOROOJ KINDERGARTEN,Sharjah / Eastern,Mixed,Public,092779404;024089799,ALMOROOJ.KHR@moe.gov.ae
KHOR FAKKAN 1 kindergarten,Sharjah / Eastern,Mixed,Public,065077584,huda272750@moe.ae
KALBA kindergarten,Sharjah / Eastern,Mixed,Public,065077100,Un-Known
AL -BAYADER KINDERGARTEN,Sharjah / Eastern,Mixed,Public,092389288;092388226,ALBAYADER.KHR@moe.gov.ae
AL -YASMEEN KINDERGARTEN,Sharjah / Eastern,Mixed,Public,065077106,roqaya273042@moe.ae
AL-NAHWAH KINDERGARTEN & SCHOOL- CYCLE1,Sharjah / Eastern,Mixed,Public,092380906,Halima-I.Alnaqbi@ese.gov.ae
ABDULLA BIN NASSER BOYS' SCHOOL - CYCLE2,Sharjah / Eastern,Male,Public,,ABDULLABINNASSER.KHR@moe.gov.ae
ABDULLAH BIN AL MUBARAK SCHOOL- CYCLE1,Sharjah / Eastern,Mixed,Public,042382133,ABDULLAHBINALMUBARAK.KHR@moe.gov.ae
AL-HESSN BOYS' SCHOOL CYCLE1& CYCLE2,Sharjah / Eastern,Male,Public,065077597;024089928,ALHESSNBOYS.KHR@moe.gov.ae
AL-JISR BOYS' SCHOOL - CYCLE2,Sharjah / Eastern,Male,Public,092343100,ALJISRBOYS.KHR@moe.gov.ae
ABDEL RAHMAN AL-NASSER -CYCLE1,Sharjah / Eastern,Mixed,Public,,ABDELRAHMANALNASSER.KHR@moe.gov.ae
Al - Furqan School-Cycle1,Sharjah / Eastern,Mixed,Public,065077114,amnah272106@moe.ae
ABU AYOOB AL- ANSARI BOYS' SCHOOL - CYCLE2,Sharjah / Eastern,Male,Public,065077150,ABUAYOOBALANSARI.KHR@moe.gov.ae
OMEIR BIN ABI WAQQAS SCHOOL- CYCLE1,Sharjah / Eastern,Mixed,Public,,Un-Known
AL-QUDWA BOYS' SCHOOL - CYCLE2,Sharjah / Eastern,Male,Public,065077146;065077147,ALQUDWA.KHR@moe.gov.ae
ABDULLA BIN AL- ZUBAIR SECONDARY BOYS' SCHOOL,Sharjah / Eastern,Male,Public,,ABDULLABINALZUBAIR.KHR@moe.gov.ae
AL-MAHMOUD BOYS' SCHOOL FOR SECONDARY EDUCATION,Sharjah / Eastern,Male,Public,2773155;2779397,ALMAHMOUD.KHR@moe.gov.ae
AL-KHALIDIA BOYS' SCHOOL CYCLE2 & SECONDARY EDUCATION,Sharjah / Eastern,Male,Public,065077590;092446593,omar.salem@ese.gov.ae
SAIF AL-YA'RUBI BOYS' SCHOOL FOR SECONDARY EDUCATION,Sharjah / Eastern,Male,Public,092777596;092772460,Un-Known
AL-KHALIL BIN AHMED BOYS' SCHOOL FOR SECONDARY EDUCATION,Sharjah / Eastern,Male,Public,092388353,ALKHALILBINAHMED.KHR@moe.gov.ae
"WADI AL-HILLO SCHOOL CYCLE 1,2 & SECONDARY EDUCATION",Sharjah / Eastern,Male,Public,0504840543;048525013,mohamed270876@moe.ae
ATEKAH BINT ZAID SCHOOL- CYCLE 1,Sharjah / Eastern,Mixed,Public,092388642;092388367,ATEKAHBINZAID.KHR@moe.gov.ae
KHOR FAKKAN SCHOOL- CYCLE 1,Sharjah / Eastern,Mixed,Public,065077192;065077192,Un-Known
WADI AL-HILLO SCHOOL- CYCLE 1,Sharjah / Eastern,Mixed,Public,065077116;0505175570,Amna-R.ali@ese.gov.ae
OMAMAH BINT ABI AL AAS SCHOOL -CYCLE1,Sharjah / Eastern,Mixed,Public,,OMAMAHBINTABIALAAS.KHR@moe.gov.ae
Al - Shuhada1 School - Cycle2,Sharjah / Eastern,Female,Public,092777604;092777151,UMMALFADELBINTHAMZAH.KHR@moe.gov.ae
Al - Hoor Girls' School for Cycle2 & Secondary Education,Sharjah / Eastern,Female,Public,0504320055;065077594;065077594,Fatmah-O.Aldhanhani@ese.gov.ae
ASIA BIN MOZAHEM GIRLS' SCHOOL - CYCLE2,Sharjah / Eastern,Female,Public,092380424;0555590700;042371139,ASIABINMOZAHEM.KHR@moe.gov.ae
JUMANAH BINT ABI TALEB GIRLS' SCHOOL - CYCLE2,Sharjah / Eastern,Female,Public,065077198,JUMANAHBINTABITALEB.KHR@moe.gov.ae
AL-HIJRAH GIRLS' SCHOOL -CYCLE2,Sharjah / Eastern,Female,Public,065077145,Habiba.Almazrouei@ese.gov.ae
JAMEELAH BU HAIRED GIRLS' SCHOOL FOR SECONDARY EDUCATION,Sharjah / Eastern,Female,Public,092777301,JAMEELAHBUHAIRED.KHR@moe.gov.ae
BAHETHAT AL-BADEYAH GIRLS' SCHOOL FOR SECONDARY EDUCATION,Sharjah / Eastern,Female,Public,0506292993;065077130,huyam269999@moe.ae
AL-SHEFA'A BINT ABDULLAH FOR SECONDARY EDUCATION,Sharjah / Eastern,Female,Public,,ALSHEFAABINTABDULLAH.KHR@moe.gov.ae
UMM OMARAH GIRLS' SCHOOL FOR SECONADARY EDUCATION,Sharjah / Eastern,Female,Public,092389277,badria285939@moe.ae
"AISHAH BINT OTHMAN CYCLE 1,2& SECONDARY SCHOOL",Sharjah / Eastern,Female,Public,8525075,Un-Known
Al - Hoor Kindergarten,Sharjah / Eastern,Mixed,Public,065077592,ALNAFAES.KHR@moe.gov.ae
AL â€“ HUSSEIN GIRLS' SCHOOL CYCLE1 & KINDERGARTEN,Sharjah / Eastern,Mixed,Public,065077080,Un-Known
AL-EQD AL-FAREED SCHOOL -CYCLE1,Sharjah / Eastern,Mixed,Public,092442315,Un-Known
Umm Omarah Kindergarten,Sharjah / Eastern,Mixed,Public,092389255;092389917,Un-Known
AL-BAYAN PRIVATE SCHOOL,SHARJAH,Mixed,Private,092382339;092386488;092370540;0504202233,albayan-psch@spea.shj.ae
Amal School For The Deaf (Eastern Region Branch),SHARJAH,Mixed,Private,,Un-Known
AL KHATEM,ABU DHABI,Mixed,Public,024119422,1076@moe.gov.ae
AL MABADE,AL AIN,Mixed,Public,025663070,1077@moe.gov.ae
KHALIFA CITY A SCHOOL,ABU DHABI,Mixed,Public,24473944,1079@moe.gov.ae
AL WAJAN,AL AIN,Mixed,Public,37350028,1080@moe.gov.ae
AL HOSSON,AL AIN,Female,Public,037848597,1083@moe.gov.ae
AL SOMOU,AL AIN,Mixed,Public,37848841,1084@moe.gov.ae
AL SHIYAM,AL AIN,Female,Public,037848174,1085@moe.gov.ae
MARYAM BINT SULTAN,AL AIN,Female,Public,37227873,1086@moe.gov.ae
AL JAHILI,AL AIN,Female,Public,037674953,1087@moe.gov.ae
NEW MEZYAD,AL AIN,Mixed,Public,037848870,1088@moe.gov.ae
UM GHAFA,AL AIN,Male,Public,037194757,1089@moe.gov.ae
OULA KG - ABU DHABI,ABU DHABI,Mixed,Public,024119782,1113@moe.gov.ae
AL KHLEEF KG,AL AIN,Mixed,Public,037194187,1114@moe.gov.ae
AL DIWAN KG,AL AIN,Mixed,Public,037194282,1115@moe.gov.ae
BEDAA AL MUTAWA,AL DHAFRA,Mixed,Public,028745006,1151@moe.gov.ae
AL SELAA,AL DHAFRA,Mixed,Public,028724051,1153@moe.gov.ae
MURAIJIB,AL AIN,Female,Public,037620561,1173@moe.gov.ae
ZAKER KG,AL AIN,Mixed,Public,0506434521,1242@moe.gov.ae
AL YAHAR KG,AL AIN,Mixed,Public,037379611,1243@moe.gov.ae
AL ARYAM KG,ABU DHABI,Mixed,Public,024119547,1244@moe.gov.ae
AL JIMI KG,AL AIN,Mixed,Public,037194027,1263@moe.gov.ae
AL QEMMA,ABU DHABI,Mixed,Public,024119087,1382@moe.gov.ae
AL REYADA,ABU DHABI,Female,Public,024119097,1383@moe.gov.ae
AL SHAWAMEKH,ABU DHABI,Female,Public,024119457,1384@moe.gov.ae
AL EZZAH,ABU DHABI,Mixed,Public,025859772,1386@moe.gov.ae
REEFAA,AL AIN,Mixed,Public,037808900,1389@moe.gov.ae
AALIYA,AL AIN,Mixed,Public,037808466,1390@moe.gov.ae
AHMED BIN ZAYED,AL AIN,Mixed,Public,037374195,1391@moe.gov.ae
AL SHAHEEN,AL AIN,Mixed,Public,037853766,1392@moe.gov.ae
AL TOMOOH,AL AIN,Mixed,Public,037851917,1393@moe.gov.ae
AL BEDAYAH KG,ABU DHABI,Mixed,Public,024119597,1394@moe.gov.ae
FATIMAH BINT MUBARAK,ABU DHABI,Female,Public,024119167,1396@moe.gov.ae
ABDUL JALIL AL FAHIM,ABU DHABI,Male,Public,026425429,1397@moe.gov.ae
AL FOUAAH,AL AIN,Female,Public,37832494,1398@moe.gov.ae
ALI BIN ABI TALEB,AL AIN,Male,Public,037194155,Un-Known
EMIRATES KINDERGARTEN AND CYCLE1,Ras Al Khaimah,Mixed,Public,072440552,1402@moe.gov.ae
AL THURAYA KG,ABU DHABI,Mixed,Public,025641094,1543@moe.gov.ae
AL MESK KG,AL AIN,Mixed,Public,037194047,1545@moe.gov.ae
HUNAIN,ABU DHABI,Female,Public,024119162,1547@moe.gov.ae
AL HUITEEN,AL DHAFRA,Mixed,Public,028828158,1562@moe.gov.ae
KHANOOR,AL DHAFRA,Mixed,Public,028823351,1563@moe.gov.ae
AL SHABHANA,AL DHAFRA,Male,Public,028987114,1564@moe.gov.ae
BAYAH,AL DHAFRA,Female,Public,028721345,1565@moe.gov.ae
AL FALAH,AL DHAFRA,Male,Public,28840414,1643@moe.gov.ae
AL EBTEKAR,AL DHAFRA,Male,Public,028987036,1662@moe.gov.ae
BAYNOUNA,AL DHAFRA,Male,Public,028987061,1682@moe.gov.ae
SHEIKHA BINT SUROOR,AL AIN,Mixed,Public,037838781,1702@moe.gov.ae
MOHAMMED BIN KHALED,AL AIN,Mixed,Public,037194642,1703@moe.gov.ae
NEIMA,AL AIN,Mixed,Public,037374260,1704@moe.gov.ae
AL JOOD,AL AIN,Mixed,Public,037379094,1705@moe.gov.ae
AL SAMMALIYA,ABU DHABI,Male,Public,024119067,1707@moe.gov.ae
UMM AL ARAB,ABU DHABI,Female,Public,025848631,1722@moe.gov.ae
YAS,ABU DHABI,Mixed,Public,025651240,1724@moe.gov.ae
AL MASEERA,AL AIN,Mixed,Public,037194612,1726@moe.gov.ae
ALSHEIKHA HISA BINT SAQR PRIVATE SCHOOL,Ras Al Khaimah,Mixed,Private,072362387;072363512;0506900345,hissabintsaqr@hotmail.com
AL QUDRA,ABU DHABI,Male,Public,025844140,1742@moe.gov.ae
AMRA BINT ABDEL RAHMAN,AL DHAFRA,Female,Public,028774032;028987066,1762@moe.gov.ae
EMIRATES PRIVATE SCHOOL,AL FUJAIRAH,Mixed,Private,,em-school2010@hotmail.com
AL MOKTASHIF AL SAGHIR KG,ABU DHABI,Mixed,Public,024119521;024119524,1782@ese.gov.ae
AL WATHBA CENTER OF INTEGRATED CONTINUING EDUCATION (FEMALE - MORNING),ABU DHABI,Female,Continuous,025830377,Un-Known
HAMDAN BIN ZAYED,ABU DHABI,Mixed,Public,026500599,1822@moe.gov.ae
AL-ARABIYA PRIVATE SCHOOL,Ras Al Khaimah,Mixed,Private,072227756;072228856,arabic.school@hotmail.com
UMM AL QURA PRIVATE SCHOOL,Umm Al Quwain,Mixed,Private,067655147;067656560,schooluaq1@gmail.com
AL NAHRAWAN,AL DHAFRA,Mixed,Public,0504411736;028987026,1994@moe.gov.ae
AL KHAIR,AL AIN,Female,Public,037194632,1997@moe.gov.ae
AL SAADA - ABU DHABI,AL AIN,Mixed,Public,0507133090;037194622,1999@moe.gov.ae
SALMAN AL-FARISY PRIVATE BOYS SCHOOL,SHARJAH,Mixed,Private,065227380,salmanalfarsy-psch@sez.shj.ae
AL AHLIAH PVT. SCHOOLS LLC.,SHARJAH,Mixed,Private,065671113;065671244;065664126;0567229876,Un-Known
AL-NOOR INTRNATIONAL PRIVATE,SHARJAH,Mixed,Private,065177000,Un-Known
AL-SHOALA PRIVATE SCHOOL,SHARJAH,Mixed,Private,065583453;0504592783;065388690,Un-Known
ALRAWABY PRIVATE SCHOOL,Ras Al Khaimah,Mixed,Private,072282155;072282297,info@alrawabischool.ae
SHARJAH PRIVATE SCHOOL,SHARJAH,Mixed,Private,065664330;065660135,Un-Known
Al Tafawq Private School,SHARJAH,Mixed,Private,068822989;068823445,Un-Known
AL BASSAER PRIVATE SCHOOL,SHARJAH,Mixed,Private,065226742;065226777;5223777,info@albassaersch.com
IBN KHALDOUN PRIVATE SCHOOL,SHARJAH,Mixed,Private,065226888;065228282,binkhaldoon-psch@sez.shj.ae
SHARJAH INTERNATIONAL PRIVATE SCHOOL,SHARJAH,Mixed,Private,065586624;0504882454,Un-Known
AL ULA PRIVATE SCHOOL,SHARJAH,Mixed,Private,0504798250;065241411;0559909726;065241419,alula200@emirates.net.ae
Al Ahliya Private School,SHARJAH,Mixed,Private,065668222;0561477339;0503386111,ahliya_school@hotmail.com
AL DHAID PRIVATE SCHOOL,SHARJAH,Mixed,Private,068828289;0505524803,dhaid.psch2014@gmail.com
NATIONAL CHARITY PRIVATE GIRLES SCHOOL - SHARJAH,SHARJAH,Mixed,Private,0507819374,Natcharity-g-psch@spea.shj.ae
NATIONAL CHARITY PRIVATE BOYS SCHOOL - SHARJAH,SHARJAH,Male,Private,065246565;065246665,Un-Known
Al Shola Private School Boys,SHARJAH,Male,Private,065441144;0506316897;065388690,Un-Known
AL ESTIQLAL PRIVATE SCHOOL,SHARJAH,Mixed,Private,065676871,estiqlal@al-estiqlalschool.com
EMIRATES PRIVATE SCHOOL,SHARJAH,Mixed,Private,065613917;065614469;065617887,Un-Known
AL DHIA AL ILMIYAH PRIVATE SCHOOL,SHARJAH,Mixed,Private,,Un-Known
Alsalaf Alsaleh Private School,Ras Al Khaimah,Mixed,Private,,info@salafschool.ae
SONAA ALGHAD PRIVATE SCHOOL,SHARJAH,Mixed,Private,065668818;065668817;0528688085,sonaa.alghad@hotmail.com
AL NEBRAS,AL AIN,Male,Public,037194220,2002@moe.gov.ae
AL DHAFRA,AL DHAFRA,Male,Public,028882789,2005@moe.gov.ae
DALMA,AL DHAFRA,Mixed,Public,028987091,2017@moe.gov.ae
ROOH AL ETIHAD,ABU DHABI,Male,Public,024119462,2018@moe.gov.ae
BANI YAS CITY,ABU DHABI,Female,Public,024119592,2019@moe.gov.ae
ZAYED AL AWAL,AL AIN,Male,Public,037194824,2020@moe.gov.ae
MLEIH,ABU DHABI,Female,Public,024119282,2021@moe.gov.ae
Al Joori,AL AIN,Mixed,Public,037194062,2022@moe.gov.ae
Tolerance Schools - Bani Yas West,ABU DHABI,Mixed,Public,,2024@moe.gov.ae
AL HOSN SCIENTIFIC SCHOOL,AL DHAFRA,Mixed,Public,028987207,2025@moe.gov.ae
AL NAHDHA C3 BOYS,ABU DHABI,Male,Public,024119287,2026@moe.gov.ae
HAMDAN BIN ZAYED C2 AND 3 BOY,ABU DHABI,Mixed,Public,024119764;0507722818,2027@moe.gov.ae
NEIMA C2 BOYS,AL AIN,Male,Public,,2028@moe.gov.ae
AL DHAHER C3 GIRLS,AL AIN,Female,Public,0507334458;037194829;037194830;037194831;037194832,2029@moe.gov.ae
Mbazzarah Al Khadra,AL AIN,Female,Public,037194015,2030@moe.gov.ae
AL QOUA C2 BOYS,AL AIN,Male,Public,037194080;0547265800,2031@moe.gov.ae
Baniyas City C1,ABU DHABI,Mixed,Public,024119117,Un-Known
Tolerance Schools - Bani Yas East,ABU DHABI,Male,Public,024119303,2036@moe.gov.ae
Rabdan C2 Boys,ABU DHABI,Male,Public,024119477,Un-Known
Abu Dhabi Care and Rehabilitation School,ABU DHABI,Mixed,Public,023056144,Adc.office@zho.gov.ae
Al Ain care and Rehabilitation School,AL AIN,Mixed,Public,037167900,alain.center@zho.gov.ae
Al Marfaa Care and Rehabilitation School,AL DHAFRA,Mixed,Public,023056341,Almrfaa@zho.gov.ae
Al Quaa Care and Rehabilitation School,AL AIN,Mixed,Public,037167955,ALQOA.Center@zho.gov.ae
Al Selaa Care and Rehabilitation School,AL DHAFRA,Mixed,Public,023056368,ALsila.Center@zho.gov.ae
Ghayathi Care and Rehabilitation School,AL DHAFRA,Mixed,Public,023056322,Ghaiathy.Center@zho.gov.ae
Al Wagan Care and Rehabilitation School,AL AIN,Mixed,Public,037167800,ALWAGAN.Center@zho.gov.ae
AJMAN PRIVATE SCHOOL,AJMAN,Mixed,Private,067480444;0559437823;0501507833,ajmanps@emirates.net.ae
AL RASHIDIYA PRIVATE SCHOOL,AJMAN,Mixed,Private,067425593;0558075814,mawoda@hotmail.com
KHALIFAH BIN ZAYED (AL AIN),AL AIN,Male,Public,037636661,228@moe.gov.ae
ATIFAL AL MAEREFA KG,ABU DHABI,Mixed,Public,024119400,229@Moe.gov.ae
MOHAMMAD BIN AL QASEM,ABU DHABI,Mixed,Public,024119107,230@moe.gov.ae
RAMAH,AL AIN,Male,Public,037371099,232@moe.gov.ae
AL MAALI,AL AIN,Female,Public,037811175,234@moe.gov.ae
AL FURSAN KG,ABU DHABI,Mixed,Public,025833440,235@moe.gov.ae
AL SADARAH,AL AIN,Male,Public,037194712,239@moe.gov.ae
AL SALAMAT,AL AIN,Male,Public,037835414,241@moe.gov.ae
SEER BANI YAS,ABU DHABI,Male,Public,025525988,242@moe.gov.ae
AL TAWEELAH,ABU DHABI,Mixed,Public,025621898,248@moe.gov.ae
HESSA BINT MOHAMMAD,AL AIN,Female,Public,037194647,249@moe.gov.ae
AL ETHAAR KG,ABU DHABI,Mixed,Public,024119586,250@moe.gov.ae
BIN HAM,AL AIN,Male,Public,037194002,252@moe.gov.ae
AL GHAZALI,ABU DHABI,Male,Public,026676800,253@moe.gov.ae
AIN JALOOT,ABU DHABI,Mixed,Public,024479281,256@moe.gov.ae
UM GHAFA KG,AL AIN,Mixed,Public,037833122,259@moe.gov.ae
AL DHAHERA,AL AIN,Male,Public,037194444,260@moe.gov.ae
BONAT AL GHAD KG,ABU DHABI,Mixed,Public,025844508,261@moe.gov.ae
AL KHAZNAH,AL AIN,Male,Public,025661012,262@moe.gov.ae
AL MASHAAL KG,AL DHAFRA,Mixed,Public,028987022;0501112628;028987020,263@moe.gov.ae
TIFEL AL EMARAT KG,AL AIN,Mixed,Public,037822939,264@moe.gov.ae
AL SHOWAIB,AL AIN,Male,Public,037323335,268@moe.gov.ae
AL TAMAYYOZ,AL AIN,Male,Public,037194792,269@moe.gov.ae
AL AFAAQ,ABU DHABI,Mixed,Public,024466080,270@moe.gov.ae
SHAKHBOUT BIN SULTAN,AL AIN,Male,Public,037814878,272@moe.gov.ae
ZAYED AL THANI,ABU DHABI,Male,Public,024119551,273@moe.gov.ae
AL YASAT KG,ABU DHABI,Mixed,Public,025632677,276@moe.gov.ae
QATR AL NADA,AL DHAFRA,Female,Public,028847359,282@moe.gov.ae
KHALIFAH BIN ZAYED,ABU DHABI,Male,Public,024119427,283@MOE.GOV.AE
AL SEDDIQUE,AL DHAFRA,Male,Public,028987054,285@moe.gov.ae
AL BATEEN,ABU DHABI,Mixed,Public,024916776,288@moe.gov.ae
AL LOULO,ABU DHABI,Mixed,Public,025821366,292@moe.gov.ae
SALAMAH BINT BUTI,ABU DHABI,Female,Public,024119247,296@moe.gov.av
HILI,AL AIN,Mixed,Public,037843501,301@moe.gov.ae
AL AJBAAN,ABU DHABI,Male,Public,025633177,303@moe.gov.ae
AL JEEL KG,ABU DHABI,Mixed,Public,025843653,309@moe.gov.ae
AL TAQWA KG,AL AIN,Mixed,Public,037819631,313@moe.gov.ae
BU KOREYYA,AL AIN,Male,Public,037838761,315@moe.gov.ae
BAY'AT AL-RDWAN CENTER OF INTEGRATED CONTINUING EDUCATION (FEMALE - MORNING),AL DHAFRA,Female,Continuous,028740048,Un-Known
Ibn Sina,ABU DHABI,Mixed,Public,025631560,320@moe.gov.ae
SULTAN BIN ZAYED,AL AIN,Male,Public,037194682,321@moe.gov.ae
AL NAHYANIYYAH,AL AIN,Mixed,Public,037555025,322@ese.gov.ae
AL MAWAHEB,ABU DHABI,Female,Public,024119797,325@moe.gov.ae
AL RAQIAH,AL AIN,Mixed,Public,037635123,327@moe.gov.ae
AL HAYAR,AL AIN,Male,Public,037194272,330@moe.gov.ae
AL QUAA,AL AIN,Male,Public,037194777,333@moe.gov.ae
AL REEF,ABU DHABI,Female,Public,024119021,335@moe.gov.ae
AL ADL,AL AIN,Male,Public,037816070;037194672,337@moe.gov.ae
AL TAFAWWOQ,ABU DHABI,Male,Public,024119262,339@moe.gov.ae
AL MOZDALEFA,ABU DHABI,Mixed,Public,025838023,348@moe.gov.ae
NATIONAL PRIVATE SCHOOL,AJMAN,Mixed,Private,0529087389,P352.62@privatemoe.ae
AL DAHMAA,AL AIN,Male,Public,037678828,354@moe.gov.ae
AL AQSA PRIVATE SCHOOL,AJMAN,Mixed,Private,,alaqsaps@emirates.net.ae
SALAMAH BINT BUTI (AL AIN),AL AIN,Female,Public,037194677,359@moe.gov.ae
ATFAL AL HILAL KG,AL AIN,Mixed,Public,037341558,361@moe.gov.ae
AL MOATASEM - Abu Dhabi,ABU DHABI,Male,Public,025833566,362@moe.gov.ae
AL DANAT,AL AIN,Female,Public,037356218,366@moe.gov.ae
AL ZAYEDIYYAH,AL AIN,Male,Public,037194723,367@moe.gov.ae
AL SHAHAMA,ABU DHABI,Female,Public,025645613,368@moe.gov.ae
AL FAYHAA KG,ABU DHABI,Mixed,Public,024119482,371@moe.gov.ae
AL AASIMAH,ABU DHABI,Male,Public,025845295,374@moe.gov.ae
BAYAAT AL REDHWAN,AL DHAFRA,Mixed,Public,028987106,375@moe.gov.ae
SWEIHAN,AL AIN,Male,Public,037194140,376@moe.gov.ae
ZAYED AL KHAIR,AL DHAFRA,Mixed,Public,028844453,378@moe.gov.ae
AL EBTEHAL KG,ABU DHABI,Mixed,Public,025639183,383@moe.gov.ae
AL HEKMAH PRIVATE SCHOOL,AJMAN,Mixed,Private,067464040;0564042471,hikmah05@emirates.net.ae
AL AMAL KG,ABU DHABI,Mixed,Public,024119492,384@moe.gov.ae
AL SAHAB KG,AL DHAFRA,Mixed,Public,028987041,386@moe.gov.ae
AL ITTIHAD,ABU DHABI,Male,Public,026665880,387@moe.gov.ae
ISLAMIC EDUCATION PVT. SCHOOL,Ras Al Khaimah,Mixed,Private,072334344,ISLAM-PSH@HOTMAIL.COM
UM AL EMARAT,ABU DHABI,Female,Public,025844941,390@moe.gov.ae
MARYAM BINT OMRAN,ABU DHABI,Female,Public,025832226,391@moe.gov.ae
AL RAHBA,ABU DHABI,Mixed,Public,025639001,392@moe.gov.ae
MOZA BINT BUTI,ABU DHABI,Female,Public,025631960,393@moe.gov.ae
OBADAH BIN AL SAMET,ABU DHABI,Male,Public,024119497,397@moe.gov.ae
Al-Nada - KG,DUBAI,Mixed,Public,042062442,sameya274632@moe.ae
ALFERDOOS KINDERGARTEN,DUBAI,Mixed,Public,,ALFRDOES.DXB@moe.gov.ae
ALTAWAR KINDERGARTEN,DUBAI,Mixed,Public,,ALFADILA.DXB@moe.gov.ae
ALHEKMA KINDERGARTEN,DUBAI,Mixed,Public,0552555503,SAFIA270001@MOE.AE
JUMEIRA KINDERGARTEN,DUBAI,Mixed,Public,043491373,aisha270242@moe.ae
Nad Al Hamar - KG,DUBAI,Mixed,Public,042062490,ALBARAA.DXB@moe.gov.ae
ALSHROK KINDERGARTEN,DUBAI,Mixed,Public,,ALSHROK.DXB@moe.gov.ae
Hind Bint Maktoum Kindergarten,DUBAI,Mixed,Public,,ALANWAR.DXB@moe.gov.ae
AL-IBDA'A SCHOOL -CYCLE1,DUBAI,Mixed,Public,,Un-Known
OMAR BIN ALKHATTAB BOYS SCHOOL-CYCLE2,DUBAI,Male,Public,042062409,OMARBINALKHATTAB.DXB@moe.gov.ae
AL-AQSA BOYS SCHOOL- CYCLE 1,DUBAI,Mixed,Public,0507640000;042062489,dalal272063@moe.ae
Al-Jahidh Girls' School - Cycle 2,DUBAI,Female,Public,,ALJAHIDH.DXB@moe.gov.ae
HATTA1 SCHOOL -CYCLE1,DUBAI,Mixed,Public,048523875 / 042062542,HATTA.DXB@moe.gov.ae
ALKHAWANEEJ GIRLS' SCHOOL -CYCLE2,DUBAI,Female,Public,042892246,maryam.budahoom@ese.gov.ae
ALRAZI BOYS' SCHOOL CYCLE 2,DUBAI,Male,Public,043943728,ALRAZI.DXB@moe.gov.ae
ALMOHALLAB BOYS' SCHOOL -CYCLE2,DUBAI,Male,Public,0504535364,muna.alghafri@ese.gov.ae
Al-Shafei Boys School Cycle 2,DUBAI,Male,Public,043441883,ALSHAFEA.DXB@moe.gov.ae
MOHAMMAD NOOR BOYS' SCHOOL -CYCLE2,DUBAI,Male,Public,04-2062526;0505537577,Maymoona.Aljohari@ese.gov.ae
ALSAFA BOYS' SCHOOL FOR SECONDARY EDUCATION,DUBAI,Male,Public,043491893;0563340788;043498561,ALSAFA.DXB@moe.gov.ae
MOHAMMED BIN RASHID AL MAKTOUM SCHOOL FOR SECONDRY EDUCATION,DUBAI,Male,Public,,MOHAMMEDBINRASHID.DXB@moe.gov.ae
DUBAI BOYS' SCHOOL FOR SECONDARY EDUCATION,DUBAI,Male,Public,042062508,amina.hassan@ese.gov.ae
AL-MA'ARIF BOYS' SCHOOL FOR SECONDARY EDUCATION,DUBAI,Male,Public,04-2862707;042862237,ALMAARIF.DXB@moe.gov.ae
RASHID BIN SA'EED BOYS' SECONDARY SCHOOL,DUBAI,Male,Public,0506222056;042062540,Abdulla.Alhanjeri@ese.gov.ae
HAMDAN BIN RASHID BOYS SCHOOL FOR SECONDARY EDUCATION,DUBAI,Male,Public,042802726;042802725,hamdanbs@hotmail.com
AL-LASEELI BOYS S SCHOOL CYCLE2 & SECONDARY EDUCATION,DUBAI,Male,Public,,Madeya.BinTouq@ese.gov.ae
AL-WAHEDA BOYS' SCHOOL FOR SECONDARY EDUCATION,DUBAI,Male,Public,042728439;042735137,Un-Known
MOHAMMED BIN RASHID SCHOOL-CYCLE 1,DUBAI,Mixed,Public,,GARNATA.DXB@moe.gov.ae
JUMAIRAH SCHOOL CYCLE 1,DUBAI,Mixed,Public,0506586622,maryam-m.saleh@ese.gov.ae
SALMA AL-A NSARIAH GIRLS SCHOOL CYCLE 1,DUBAI,Mixed,Public,,SALMAALANSARIAH.DXB@moe.gov.ae
HESSA BINT AL -MOR GIRLS SCHOOL CYCLE 2,DUBAI,Female,Public,0508252861,HISSABINTALMURR.DXB@moe.gov.ae
AL FATEH,ABU DHABI,Mixed,Public,025840254,405@moe.gov.ae
DECEMBER THE SECOND GIRLS SCHOOL -CYCLE 1,DUBAI,Mixed,Public,042062454;0506247977,muna.hassan@ese.gov.ae
Al-SAADA SCHOOL -CYCLE 1,DUBAI,Mixed,Public,042062400 ;0503605605;042062401;0508859828,rafia271999@moe.ae
ALWASEL GIRLS SCHOOL CYCLE 2,DUBAI,Female,Public,,ALWASL.DXB@moe.gov.ae
ALHUDAIBIA SCHOOL-CYCLE 1,DUBAI,Mixed,Public,0569310167;042065204;0504584582,khadija274721@moe.ae
SARA SCHOOL -CYCLE 1,DUBAI,Mixed,Public,0561861757,safiya271457@moe.ae
ANEESA AL-ANSARIAH GIRLS SCHOOL CYCLE 1,DUBAI,Mixed,Public,043386611,fadhila269553@moe.ae
HIND BINT MAKTOOM GIRLS SCHOOL CYCLE 1,DUBAI,Mixed,Public,043280042;043480704,HINDBINTMAKTOOM.DXB@moe.gov.ae
AL NAEEM,AL AIN,Female,Public,037827600,406@moe.gov.ae
AL-ATHBAH SCHOOL-CYCLE1,DUBAI,Mixed,Public,,ALATHBAH.DXB@moe.gov.ae
UMM SQAIM GIRLS SCHOOL CYCLE 2,DUBAI,Female,Public,043944672,UMMSQAIM.DXB@moe.gov.ae
AL-KUWAIT GIRL S SCHOOL -CYCLE 2,DUBAI,Female,Public,042612500;042615749;0506587878,amna272383@moe.ae
AL-WAHA GIRLS SCHOOL Basic AND SECONDARY EDUCATION,DUBAI,Mixed,Public,,ALWAHA.DXB@moe.gov.ae
"AL-LASEELI SCHOOL CYCLE1,2& SECONDARY EDUCATION",DUBAI,Mixed,Public,042062438,Madeya.BinTouq@ese.gov.ae
HIND BINT MAKTOUM GIRLS' SCHOOL FOR SECONDARY EDUCATION,DUBAI,Female,Public,043940802;043941261,ALSUFOOH.DXB@moe.gov.ae
MAREYA AL-QEBTEYA GIRLS' SCHOOL FOR SECONDARY EDUCATION,DUBAI,Female,Public,042631290;042062462,maryam284987@moe.ae
AL-RAYAH GIRL S SCHOOL FOR SECONDARY EDUCATION,DUBAI,Female,Public,2062480;2062481,oshba274527@moe.ae
SUKAINA BINT ALHUSSEIN GIRLS' SCHOOL FOR SECONDARY EDUCATION,DUBAI,Female,Public,,SUKAINABINTALHUSSEIN.DXB@moe.gov.ae
AL-DHAHRA GIRLS SECANDARY SCHOOL,DUBAI,Female,Public,048523960;04/8521693,fatma270955@moe.ae
ASMA'A BINT AL-NO'AMAN GIRLS' SCHOOL FOR SECONDARY EDUCATION,DUBAI,Female,Public,042062500;042062500,ASMA.DXB@moe.gov.ae
HAMZA BIN ABDUL MUTTALIB,ABU DHABI,Male,Public,025835445,408@moe.gov.ae
Hatta2 School - Cycle1,DUBAI,Mixed,Public,0507455251,fatma275275@moe.ae
AL-ALFIA GIRL S SCHOOL -CYCLE 2,DUBAI,Female,Public,042611120,ALALFIA.DXB@moe.gov.ae
NAD AL-HAMAR GIRLS' SCHOOL- CYCLE 2,DUBAI,Female,Public,,NADALHAMAR.DXB@moe.gov.ae
Al - Mizhar BOYS' School -Cycle1,DUBAI,Mixed,Public,042874030;042062404,ALNUKHBAH.DXB@moe.gov.ae
AL-QIYAM GIRLS SCHOOL CYCLE 2,DUBAI,Female,Public,0509805555,shahla285169@moe.ae
AHMAD BIN RASHED BOY'S SCHOOL -CYCLE 2,DUBAI,Male,Public,042888850;042888502,AHMADBINRASHED.DXB@moe.gov.ae
AAL- MAKTOOM BOYS SCHOOL CYCLE 1,DUBAI,Mixed,Public,042062516;042062517,AMNA296249@MOE.AE
Al-Rashedia Girls' School - Cycle 3,DUBAI,Female,Public,,Un-Known
Al Ahmadiah BOYS' SCHOOL- Cycle 1,DUBAI,Mixed,Public,042651666,Un-Known
Al-Barsha Kindergarten,DUBAI,Mixed,Public,,Un-Known
Alwarqa - KG,DUBAI,Mixed,Public,,Un-Known
AL REFAAH,AL AIN,Mixed,Public,037194072,411@moe.gov.ae
SAAD EBNU OBADAH,ABU DHABI,Mixed,Public,025832563,413@moe.gov.ae
AL RUWAAD,ABU DHABI,Male,Public,025838900,417@moe.gov.ae
DARWISH BIN KARAM,ABU DHABI,Male,Public,025583358,418@moe.gov.ae
Al Huda kindergarten,DUBAI,Mixed,Public,0505815816,Un-Known
Zayed Educational Complex -Al Mizhar,DUBAI,Mixed,Public,,
ABU OBIADA BIN AL JARAH PRIVATE SCHOOL,AJMAN,Mixed,Private,0553900036,abu_obaida_pvt@hotmail.co.uk
AL BADIYAH,AL AIN,Female,Public,037351324,420@moe.gov.ae
AL SAMHA,ABU DHABI,Female,Public,025621332,424@moe.gov.ae
AL NOOR,ABU DHABI,Mixed,Public,025831481,426@moe.gov.ae
AL SARIYAH,AL AIN,Mixed,Public,037346597,427@moe.gov.ae
AL AWAEL KG,AL AIN,Mixed,Public,037194135,432@moe.gov.ae
AL FAROOQ,AL DHAFRA,Male,Public,028826568,438@moe.gov.ae
TARIQ BIN ZIAD,AL AIN,Mixed,Public,037852516,446@moe.gov.ae
AL ASALAH,ABU DHABI,Female,Public,024119207,448@moe.gov.ae
AL KHAMAEL,AL DHAFRA,Mixed,Public,028987126,449@moe.gov.ae
AL-RASHID AL-SALEEH PRIVATE SCHOOL,DUBAI,Mixed,Private,,Un-Known
AL ARQAM PRIVATE SCHOOL,DUBAI,Mixed,Private,043408484;0504703401,alarqam@emirates.net.ae
DUBAI MODERN EDUCATION SCHOOL,DUBAI,Mixed,Private,,Un-Known
ALJAZIRA FOOTBALL ACADEMY,ABU DHABI,Male,Public,25863770,451@moe.gov.ae
AL-SHUROOQ PRIVATE SCHOOL,DUBAI,Mixed,Private,0506978522;04-3449843,Aps@shoruq.sch.ae
NEW WORLD PRIVATE SCHOOL,DUBAI,Mixed,Private,0562745455,Manhalnw365@privatemoe.ae
SAS AL NAKHL,ABU DHABI,Mixed,Public,024119127,453@moe.gov.ae
AL WALEED BIN ABDUL MALEK,ABU DHABI,Male,Public,025837277,454@moe.gov.ae
AL MAQAM,AL AIN,Male,Public,037681956,459@moe.gov.ae
AL NOAYMIA PRIVATE SCHOOL,AJMAN,Mixed,Private,0506970051;067464820,noaymiapvtschool@gmail.com
ATIFAL AL EMARAT KG,ABU DHABI,Mixed,Public,025836848,464@moe.gov.ae
OMAMAH BINT AL HARITH,ABU DHABI,Female,Public,025837481,465@moe.gov.ae
AL TAFAWWOQ (AL AIN),AL AIN,Male,Public,037844575,466@moe.gov.ae
AL TAQADDOM,ABU DHABI,Female,Public,025844780,468@moe.gov.ae
AL ATAA,AL AIN,Mixed,Public,037374530,470@moe.gov.ae
AL ASAYEL,ABU DHABI,Female,Public,025560305,471@moe.gov.ae
AL-TATWEER KINDERGARTEN,DUBAI,Mixed,Public,042062414,Un-Known
AL ERTEQAA,ABU DHABI,Female,Public,024119230,482@moe.gov.ae
AL GHAITH,AL AIN,Mixed,Public,037680669,484@moe.gov.ae
AL RUDWAN KG,ABU DHABI,Mixed,Public,025560803,486@moe.gov.ae
AL MAHA,ABU DHABI,Female,Public,024119197,489@moe.gov.ae
SAAD BIN MOAATH,ABU DHABI,Male,Public,025632500,490@moe.gov.ae
AL AIN MODEL,AL AIN,Female,Public,037620016,492@moe.gov.ae
AL TAAWUN,ABU DHABI,Male,Public,025845029,493@moe.gov.ae
ABDUL QADER AL JAZAERI,ABU DHABI,Male,Public,025632377,494@moe.gov.ae
ABU DHABI SECONDARY,ABU DHABI,Male,Public,024119155,495@moe.gov.ae
AL HEMMAH,AL AIN,Female,Public,037682415,496@moe.gov.ae
HALIMA AL SAADIAH,ABU DHABI,Mixed,Public,024119027,497@moe.gov.ae
MANAR AL IMAN PRIVATE SCHOOL,AJMAN,Mixed,Private,067433899;067434545;0507372761,manaraleman.ps@manar.ae
AL MORJAN KG,ABU DHABI,Mixed,Public,024119517,499@moe.gov.ae
ALDRARY KINDERGARTEN,SHARJAH,Mixed,Public,065385619;0506319935,ALDRARY.SHJ@moe.gov.ae
ALSONDS KINDERGARDEN,SHARJAH,Mixed,Public,065227855;065227245,ALSONDS.SHJ@moe.gov.ae
AL ABRAR K.G,SHARJAH,Mixed,Public,068826821;068828587,ALABRAR.SHJ@moe.gov.ae
ALBRAEM KINDERGARDEN,SHARJAH,Mixed,Public,065077026,ALBRAEM.SHJ@moe.gov.ae
ALSALAM KINDERGARTEN,SHARJAH,Mixed,Public,065386211;065077060,fatima.alali@ese.gov.ae
SHARJAH MODEL GIRLS SCHOOL -CYCLE1,SHARJAH,Mixed,Public,065222680;065222754,SHARJAHMODELGIRLS.SHJ@moe.gov.ae
"Abu Moosa School - Cycle 1, 2, 3",SHARJAH,Mixed,Public,0504629563,Mohamed275343@moe.ae
UM KOLTHOOM,AL AIN,Female,Public,037684300,500@moe.gov.ae
ALGHAFYA BOYS SCHOOL-CYCLE1,SHARJAH,Mixed,Public,065249141,Un-Known
Alarqm School - Cycle 1,SHARJAH,Mixed,Public,0506538866,mariam-a.ibrahim@ese.gov.ae
AL TALEAA,AL AIN,Mixed,Public,037372041,501@moe.gov.ae
Sheikha Meera Bint Mohamed Al - Suwaidi Boys' School -Cycle1,SHARJAH,Mixed,Public,0562180180,mariam269155@moe.ae
WISHAH BOYS SCHOOL -CYCLE 2,SHARJAH,Male,Public,068822477,WISHAH.SHJ@moe.gov.ae
"Nazwa Boys' School - Cycle 2, 3",SHARJAH,Male,Public,0504874004,Noora279772@moe.ae
ABDULLA AL SALEM BOYS SCHOOL -CYCLE2,SHARJAH,Male,Public,,ABDULLAALSALEM.SHJ@moe.gov.ae
ALSAHBA BOYS SCHOOL- CYCLE2,SHARJAH,Male,Public,065077076,Amani502301@moe.ae
ALQARAYEN BOYS' SCHOOL -CYCLE 2,SHARJAH,Male,Public,065077004,Sultana.Mamajboor@ese.gov.ae
AL SOROOR KG,ABU DHABI,Mixed,Public,024119542,502@moe.gov.ae
MUATH BIN JABAL SECONDARY SCHOOL FOR BOYS,SHARJAH,Male,Public,,Un-Known
AL KHALIDEIAH BOYS' SCHOOL CYCLE2 & SECONDARY EDUCATION,SHARJAH,Male,Public,065077062,hamad281557@moe.ae
DHAID SECONDARY SCHOOL FOR BOYS,SHARJAH,Male,Public,0501921927,sedeeq269138@moe.ae
AL AROUBA BOYS SECONDARY SCHOOL,SHARJAH,Male,Public,,ALOROBA.SHJ@moe.gov.ae
Taryam Omran Taryam Secondary For Boys,SHARJAH,Male,Public,065671722;065664455,HALWAN.SHJ@moe.gov.ae
"Al-Bataeh Boys' School - Cycle 2, 3",SHARJAH,Male,Public,,ALRAFEA.SHJ@moe.gov.ae
"Althameed Boys' School - Cycle 2, 3",SHARJAH,Male,Public,065077191,Un-Known
ALNASR PRIVATE SCHOOL,Ras Al Khaimah,Mixed,Private,072239595;0506273740,alnaserschool@hotmail.com
AL MALEIHA BOYS SCHOOL CYCLE2 AND SECONDARY EDUCATION,SHARJAH,Mixed,Public,068838185;0502781878;0506465152;068838015,waleed272345@moe.ae
"Alhamrya Boys' School - Cycle 2, 3",SHARJAH,Male,Public,065077064;0502607007,jasim284628@moe.ae
"Al-Madam Boys' School - Cycle 2, 3",SHARJAH,Male,Public,068821164;068821019,ALMDAM.SHJ@moe.gov.ae
Sheikha Mariam Bint Ghanim Al Shamsi School - Cycle1,SHARJAH,Mixed,Public,065077050;0506262727,amina272000@moe.ae
RABA AL ADWYA SCHOOL - Cycle1,SHARJAH,Mixed,Public,065527799,Fayqa.Almarzooqi@ese.gov.ae
ALMANAR GIRLS SCHOOL -CYCLE2,SHARJAH,Female,Public,065077048,aisha.aljasmi@ese.gov.ae
Al-Nekhailat Girls' School- Cycle2,SHARJAH,Female,Public,065077047,ALNKYLAT.SHJ@moe.gov.ae
AL BRIDI GIRLS SCHOOL CYCLE2 AND SECONDARY EDUCATION,SHARJAH,Female,Public,065077020;0508989077,kulaithem284084@moe.ae
ALKHAN KINDERGARTEN,SHARJAH,Mixed,Public,065077096;0562180180,mariam269155@moe.ae
Al-ANDALUS SCHOOL- CYCLE1,SHARJAH,Mixed,Public,065380136;065381361,ALANDLES.SHJ@moe.gov.ae
KHAWLA BINT THALABA GIRLS SCHOOL CYCLE2 & SECONDARY EDUCATION,SHARJAH,Female,Public,065285740;0506460135;065280206,KHAWLABINTTAHLABA.SHJ@moe.gov.ae
AL SHATHA KG,AL DHAFRA,Mixed,Public,028846190,505@moe.gov.ae
AL SAHWA GIRLS SCHOOL CYCLE1&2 AND SECONDARY EDUCATION,SHARJAH,Mixed,Public,065077174,Noora279772@moe.ae
Al RAMAQIYA GIRLS SCHOOL -CYCLE2,SHARJAH,Female,Public,065077044;0504890246;065077044,houriyeh280070@moe.ae
Al TALA'A GIRLS SCHOOL-CYCLE2,SHARJAH,Female,Public,065077066,aisha-ah.saeed@ese.gov.ae
WASIT GIRLS SECONDARY SCHOOL,SHARJAH,Female,Public,0501777279,khuloud285163@moe.ae
Al RIFA'A SECONDARY GIRLS SCHOOL,SHARJAH,Female,Public,065077018,ALREFA.SHJ@moe.gov.ae
AL WATHBAH,ABU DHABI,Female,Public,025838870,506@moe.gov.ae
RUQYA SECONDARY GIRLS SCHOOL,SHARJAH,Female,Public,065077070;065077070,RUQYA.SHJ@moe.gov.ae
Al Ruwayda School - KG - Cycle 1,SHARJAH,Mixed,Public,,ALRUWAYDA.SHJ@moe.gov.ae
"Althameed Girls' School - Cycle 1, 2, 3",SHARJAH,Mixed,Public,,ALTHAMEEDGIRLS.SHJ@moe.gov.ae
Al-Madam Girls' School Cycle1&2 And Secondary Education,SHARJAH,Mixed,Public,8821183,ALTHAKAFA.SHJ@moe.gov.ae
"Maliha Girls' School - Cycle 1, 2, 3",SHARJAH,Mixed,Public,068838186;068838196,Khuloud-M.alzaabi@ese.gov.ae
AL QALAA KINDERGARTEN & GIRLS' SCHOOL -CYCLE1 &2 AND SECONDARY EDUCATION,SHARJAH,Mixed,Public,065077084;0502944284,MAITHA.SAEED@ESE.GOV.AE
Al-Bataeh Girls' School Cycle 1&2 And Secondary Education,SHARJAH,Mixed,Public,065077471,Un-Known
ALQARAYEN K.G,SHARJAH,Mixed,Public,065577016;065577016,ALQARAYEN.SHJ@moe.gov.ae
AL ABBAS BIN ABDUL MUTTALIB,AL DHAFRA,Male,Public,028987086,507@moe.gov.ae
SHARJAH MODEL BOYS SCHOOL -CYCLE1,SHARJAH,Mixed,Public,065077032;065077032,amna270346@moe.ae
AL NOUF GIRLS SCHOOL -CYCLE2,SHARJAH,Female,Public,065584644,Alnouf.shj@moe.gov.ae
AL-MAJD BOYS SCHOOL-CYCLE2,SHARJAH,Male,Public,065222994,ALMAJD.SHJ@moe.gov.ae
ASMAA SCHOOL CYCLE1 & KINDERGARTEN,SHARJAH,Mixed,Public,065077008,fatam273797@moe.ae
Al-Rafeea - KG,SHARJAH,Mixed,Public,065311349;065311340,ALRAFEEA.SHJ@moe.gov.ae
Al-Thameed - KG,SHARJAH,Mixed,Public,065077164,Asma.Ahmad@ese.gov.ae
MODEL SECONDARY SCHOOL FOR BOYS,SHARJAH,Male,Public,065077036,MODELSECONDARYSCHOOL.SHJ@moe.gov.ae
Al Hisn - KG,SHARJAH,Mixed,Public,068822384;065077162,amal278849@moe.ae
AL NOOR KINDERGARTEN,SHARJAH,Mixed,Public,065077072,ALNOOR.SHJ@moe.gov.ae
Al-Madam - KG,SHARJAH,Mixed,Public,,ALMADAM.SHJ@moe.gov.ae
ALQARAYEN SCHOOL- CYCLE 1,SHARJAH,Mixed,Public,,Un-Known
AL ZALLAQAH,ABU DHABI,Female,Public,024119757,509@moe.gov.ae
Maliha - KG,SHARJAH,Mixed,Public,,Un-Known
ALJAZEERA - HOME STUDY,ABU DHABI,Mixed,Continuous,025046650;0553557756,513@moe.gov.ae
AL ZAYEDIYYAH FOR GIRLS,AL AIN,Female,Public,037194627,517@moe.gov.ae
AL HOSN,ABU DHABI,Male,Public,025844860;0504199910,518@ese.gov.ae
KHALED BIN AL WALEED,AL AIN,Male,Public,037194772,520@moe.gov.ae
AL BAWADI,ABU DHABI,Male,Public,025824840,522@moe.gov.ae
UM AL EMARAT (AL AIN),AL AIN,Female,Public,037846900,523@moe.gov.ae
SHAMMA BINT MOHAMMAD,AL AIN,Mixed,Public,037194012,525@moe.gov.ae
AL MOTTAHIDA,AL DHAFRA,Female,Public,028744220,526@moe.gov.ae
TAHNOON BIN MOHAMMAD,AL AIN,Male,Public,037810784,527@moe.gov.ae
AL BEDAA,AL AIN,Male,Public,037341550,533@moe.gov.ae
NAHEL,AL AIN,Mixed,Public,037194067,535@moe.gov.ae
AL DHABIANIAH,ABU DHABI,Mixed,Public,024479003,537@moe.gov.ae
UM AL FADHEL BINT AL HARETH,AL AIN,Female,Public,037194742,539@moe.gov.ae
AL RESALAH,AL AIN,Mixed,Public,037331106,542@moe.gov.ae
AL BOROOJ,AL AIN,Mixed,Public,037839973,543@moe.gov.ae
AL FALAHIYYA,ABU DHABI,Male,Public,025621020,544@moe.gov.ae
AISHAH BINT ABI BAKER,ABU DHABI,Female,Public,026587403,548@moe.gov.ae
AL SHAMKHA KG,ABU DHABI,Mixed,Public,025843550,550@moe.gov.ae
Fatma Alzahraa Girls Secondary,SHARJAH,Female,Public,065077012;0509872107,Un-Known
ATFAL AD KG,ABU DHABI,Mixed,Public,024558011,552@ese.gov.ae
AL MARFAA,AL DHAFRA,Mixed,Public,0543444669;028987146,554@moe.gov.ae
AL SAWSAN KG,AL AIN,Mixed,Public,037834499,556@moe.gov.ae
AL FALAH KG,ABU DHABI,Mixed,Public,025844472,557@moe.gov.ae
Zayed Educational Complex Complex Cycle2 & Secondary -ALQata,SHARJAH,Mixed,Public,,
AL RUWAD PRIVATE SCHOOL,Ras Al Khaimah,Mixed,Private,072664663;0505753290,nedaaalislam@outlook.com
ALZAWRA'A KINDERGARTEN,AJMAN,Mixed,Public,067039820,fatma269736@moe.ae
AL- HAYAH KINDERGARTEN,AJMAN,Mixed,Public,067465441,ALHAYAH.AJM@moe.gov.ae
MZEIRE'A kindergarten,AJMAN,Mixed,Public,0506178188,Shaikha-K.Alkaabi@ese.gov.ae
Al-Manama - KG,AJMAN,Mixed,Public,067039858;0506336373,mona290591@moe.ae
Msfoot kindergarten,AJMAN,Mixed,Public,048522073;048522460,ALYAQOOT.AJM@moe.gov.ae
Umm Ammar Kindergarten,AJMAN,Mixed,Public,067039824;0503129077;0553531332,Un-Known
Mushairif Boys' School - Cycle1,AJMAN,Mixed,Public,,MUSHEIREF.AJM@moe.gov.ae
Al - Jurf Boys' School -Cycle2,AJMAN,Male,Public,067484422;067484433,ALHASANALBASRI.AJM@moe.gov.ae
IBN TAYMIYYAH SCHOOL- CYCLE 1,AJMAN,Mixed,Public,,Un-Known
OMAR BIN ABDALAZIZ BOYS' SCHOOL- Cycle 1,AJMAN,Mixed,Public,067039844,Un-Known
AMMAR BIN YASER SCHOOL- CYCLE1,AJMAN,Mixed,Public,067039872;0507768866,Maryam.saeed@ese.gov.ae
RASHID BIN HUMAID BOYS' SCHOOL- CYCLE 2,AJMAN,Male,Public,0507747994;067039852,mona-am.alhammdi@ese.gov.ae
IBN -AL-HAITHAM BOYS' SCHOOL - CYCLE2,AJMAN,Male,Public,067435606,IBNALHAITHAM.AJM@moe.gov.ae
AL-NO'MAN BIN BASHEER BOYS' SCHOOL - CYCLE2,AJMAN,Male,Public,067433196;067437677,ALNOMANBINBASHEER.AJM@moe.gov.ae
AL-RASHEDIA BOYS' SCHOOL FOR SECONDARY EDUCATION,AJMAN,Male,Public,7493212;067039800,Un-Known
ABU SAEED AL-KHODREY BOYS' SCHOOL CYCLE2 & SECONDARY EDUCATION,AJMAN,Male,Public,067039870,Un-Known
"Ben Hazm Boys' School - Cycle 1, 2, 3",AJMAN,Male,Public,067039856;067039856,IBNHAZMBOYS.AJM@moe.gov.ae
THE SCIENTIFIC INSTITUTE BOYS' FOR SECONDARY EDUCATION,AJMAN,Male,Public,067435351;067438670,Un-Known
AL-NOAIMEYAH SCHOOL - CYCLE 1,AJMAN,Mixed,Public,067431255;067437887,FATEMAAALZAHRA.AJM@moe.gov.ae
SHEIKHAH BINT SAEED SCHOOL -Cycle1,AJMAN,Mixed,Public,067039818,SHEIKHAHBINTSAEED.AJM@moe.gov.ae
Um Ammar School - Cycle1,AJMAN,Mixed,Public,067039822,zainab290763@moe.ae
AL-ZAWRA'A1 GIRLS' SCHOOL - CYCLE 2,AJMAN,Female,Public,,Un-Known
UM AMMAR GIRLS' SCHOOL- CYCLE 2,AJMAN,Female,Public,047433234;047434575,UMAMMAR.AJM@moe.gov.ae
KHADEEJAH GIRLS' SCHOOL - CYCLE 2,AJMAN,Female,Public,067433595;00971508939505;0097167443454,Mariam286722@moe.ae
Al - Zawra'a-2 Girls' School Cycle2,AJMAN,Female,Public,,ALZAWRAA.AJM@moe.gov.ae
ASMA'A BINT OMAIS GIRLS' SCHOOL FOR SECONDARY EDUCATION,AJMAN,Female,Public,067437447;0506341485;7433797,Asys275279@moe.ae
Al - Zawra'a Girls' School for Secondary Education,AJMAN,Female,Public,067404440,SAWDAHBINTZAMAH.AJM@moe.gov.ae
AJMAN GIRLS' SCHOOL FOR SECONDARY EDUCATION,AJMAN,Female,Public,067433861,AJMANGIRLSSCHOOL.AJM@moe.gov.ae
FUJAIRAH ISLAMIC SCIENTIFIC ACADEMY,AL FUJAIRAH,Mixed,Private,092225604,acd_fuj@yahoo.com
AL-NOAIMEYAH GIRLS' SCHOOL CYCLE 1&2 AND SECONDARY EDUCATION,AJMAN,Mixed,Public,,ALNOAIMEYAH.AJM@moe.gov.ae
Masfout Girls' School - Cycle2,AJMAN,Mixed,Public,067039866;067039866,Fatima276741@moe.ae
HOMAID BIN ABDUL-AZIZ BOYS' SCHOOL FOR SECONDARY EDUCATION,AJMAN,Male,Public,,HOMAIDBINABDULAZIZ.AJM@moe.gov.ae
Rashid Bin Humaid - KG,AJMAN,Mixed,Public,067039840,ALBAHJAH.AJM@moe.gov.ae
SHEIKHAH BINT SAEED GIRLS SCHOOL FOR SECONDARY EDUCATION,AJMAN,Female,Public,,ALJURF.AJM@moe.gov.ae
KHAWLA BENT THAALABA SCHOOL-CYCLE 1,AJMAN,Mixed,Public,067493818;067493024,KHAWLABENTTHAALABA.AJM@moe.gov.ae
YANABEE AL MARIFA PRIVATE SCHOOL,AL FUJAIRAH,Mixed,Private,092442700;092447200;092447100,management@ymps.ae
AL REEM,ABU DHABI,Female,Public,024472703,641@moe.gov.ae
AL MAZOON KG,ABU DHABI,Mixed,Public,025848998,643@moe.gov.ae
THE PRIVATE NATIONAL CHARITY SCHOOL- AJMAN,AJMAN,Mixed,Private,0566251132;0566251132,rola.mohemad@al-majid.com
AL AGHSAAN KINDERGARTEN,Umm Al Quwain,Mixed,Public,067068736,ALAGHSAAN.UAQ@moe.gov.ae
Umm Al Quwain - KG,Umm Al Quwain,Mixed,Public,067649445;0563604047;0566069780,Un-Known
Al-Ma'alla Kindergarten,Umm Al Quwain,Mixed,Public,067068741;0504672727,ALKAWTHAR.UAQ@moe.gov.ae
Al Narjis - KG,Umm Al Quwain,Mixed,Public,0562337889,Un-Known
sheikh rashid bin saied Isamic Institue,DUBAI,Mixed,Private,,admin@rid.ae
NATIONAL CHARITY SCHOOL BOYS - DUBAI,DUBAI,Mixed,Private,,Un-Known
NATIONAL CHARITY SCHOOL GIRLS - DUBAI,DUBAI,Mixed,Private,,Un-Known
Umm Al Quwain School - Cycle 1,Umm Al Quwain,Mixed,Public,067662566,ALWATAN.UAQ@moe.gov.ae
AL-AMAL SCHOOL FOR The DEAF,SHARJAH,Mixed,Private,,Un-Known
ALQIMMA PRIVATE SCHOOL,SHARJAH,Mixed,Private,092370611;092371567,Un-Known
KHORFAKKAN PRIVATE SCHOOL,SHARJAH,Mixed,Private,092371102;092384441,Un-Known
Umm Al Quwain Boys' School - Cycle 2,Umm Al Quwain,Male,Public,,Mooza.Muftah@ese.gov.ae
HATEM AL-TA'EE BOYS' SCHOOL CYCLE2 AND SECONDARY EDUCATION,Umm Al Quwain,Male,Public,068824824;068811446,HATEMALTAEE.UAQ@moe.gov.ae
"Al-Raefah Boys' School - Cycle 2, 3",Umm Al Quwain,Male,Public,067681341;7681002,ALRAEFAH.UAQ@moe.gov.ae
Al-Ameer Boys' School - Cycle 3,Umm Al Quwain,Male,Public,067667660;067662744,ALAMEER.UAQ@moe.gov.ae
AL MANAMA CHARITY SCHOOL,AJMAN,Mixed,Private,0506490309,Manamaschool@gmail.com
AL IMAN PRIVATE SCHOOL - DUBAI,DUBAI,Mixed,Private,,Un-Known
Al Abraq School - Cycle 1,Umm Al Quwain,Mixed,Public,0552226333,warda274612@moe.ae
ISLAMIC SCHOOL FOR TRANING AND EDUCATION,DUBAI,Mixed,Private,0551757057;0505543250;0507168881,school@sslootah.com
AL MA'MOURAH BOYS' (( PARENT COUNCIL CLASSES)),Ras Al Khaimah,Male,Private,,Un-Known
AL-ME'AIREEDH GIRLS' (( PARENT COUNCIL CLASSES)),Ras Al Khaimah,Female,Private,0503727001,Admin.70175@privatemoe.ae
Bint Al Shaat'e School - Cycle 1,Umm Al Quwain,Mixed,Public,,BINTALSHAATE.UAQ@moe.gov.ae
UMM AL QUWAIN GIRLS' SCHOOL CYCLE 2 AND SECONDARY EDUCATION,Umm Al Quwain,Female,Public,067652424,Un-Known
FALAJ-AL-MUALLA GIRLS' SCHOOL CYCLE 2 AND SECONDARY EDUCATION,Umm Al Quwain,Mixed,Public,0506000135;068824508,FALAJALMUALLA.UAQ@moe.gov.ae
"Al-Salamah Girls' School - Cycle 2, 3",Umm Al Quwain,Female,Public,067671111,ALSALAMAH.UAQ@moe.gov.ae
KHAWLAH BINT HAKEEM KINDERGARTEN & GIRLS' SCHOOL -CYCLE1 &2 AND SECONDARY EDUCATION,Umm Al Quwain,Mixed,Public,067068724,kholood.alshaali@ese.gov.ae
RAK MODERN PRIVATE SCHOOL,Ras Al Khaimah,Mixed,Private,072025900;072365996,rakmodern@hotmail.com
AL MANAR PRIVATE SCHOOL,Ras Al Khaimah,Mixed,Private,0507878026;0505300669;072364642,almanaraymn@hotmail.com
AL YAQEEN PRIVATE SCHOOL,AL FUJAIRAH,Mixed,Private,,lonesomess@hotmail.com
AL-NAHAR KINDER GARTEN,AL FUJAIRAH,Mixed,Public,092024956;092024956,ALNAHAR.FUJ@moe.gov.ae
AL-ANFAL KINDER GARTEN,AL FUJAIRAH,Mixed,Public,092024960,alanfalkinder.fuj@moe.gov.ae
AL-SHARQ KINDERGARTEN,AL FUJAIRAH,Mixed,Public,0505895365,ALSHARQ.FUJ@moe.gov.ae
AL-RAHMAN KINDERGARTEN,AL FUJAIRAH,Mixed,Public,0507895567,ALRAHMAN.FUJ@moe.gov.ae
AL-SHAHAD KINDER GARTEN,AL FUJAIRAH,Mixed,Public,092024777;0507275755,fatima.alnaqbi@ese.gov.ae
AL-INSHERAH KINDER GARTEN,AL FUJAIRAH,Mixed,Public,092024986;092024986;0502922777,jameela.alhmoudi@ese.gov.ae
AL-IKHLAS KINDER GARTEN,AL FUJAIRAH,Mixed,Public,092360635;092360174,ALIKHLAS.FUJ@moe.gov.ae
"Al- Shuhada- 2 Kindergarten, School Cycle1&2",AL FUJAIRAH,Mixed,Public,092773766;0552080885;092777253,kasiba272663@moe.ae
Roumaitha Al-Ansariah School - Cycle 1,AL FUJAIRAH,Mixed,Public,092024948;0507924477,Un-Known
MOHAMMED BIN HAMAD AL-SHARQI SCHOOL -CYCLE1,AL FUJAIRAH,Mixed,Public,09/2024916,SAKAMKM.FUJ@moe.gov.ae
ALNUMAN BIN MUQRIN BOYS SCHOOL -CYCLE2,AL FUJAIRAH,Male,Public,092024777,ALNUMANBINMUQRIN.FUJ@moe.gov.ae
AL-HALAH SCHOOL - Cycle1,AL FUJAIRAH,Mixed,Public,09202484,Un-Known
AL-BIDIYA BOYS SCHOOL CYCLE 1&2,AL FUJAIRAH,Male,Public,092388205;0507999045;092388583,ALBIDIYA.FUJ@moe.gov.ae
SA'AD IBN ABI WAQAS BOYS SCHOOL- CYCLE2,AL FUJAIRAH,Male,Public,092441471;092444703,SAADIBNABIWAQAS.FUJ@moe.gov.ae
AL-BATHNAH SCHOOL -CYCLE1,AL FUJAIRAH,Mixed,Public,092568262,ALBATHNAH.FUJ@moe.gov.ae
SAIF IBN HAMAD AL-SHARQI SECONDARY BOYS SCHOOL,AL FUJAIRAH,Male,Public,092024962;0506639432,Abdulla.Alhadoury@ese.gov.ae
Mohammed bin Hamad Al Sharqi Boys' School- Cycle2,AL FUJAIRAH,Male,Public,092024924,jawahir.balrehaif@ese.gov.ae
ANAS IBN AL-NADAR BOYS SCHOOL CYCLE2 & SECONDARY EDUCATION,AL FUJAIRAH,Male,Public,092024974,ANASIBNALNADAR.FUJ@moe.gov.ae
HAMAD BIN ABDULLAH AL-SHARQI SECONDARY BOYS SCHOOL,AL FUJAIRAH,Male,Public,092442196;0502919292;092024994,obaid269408@moe.ae
MOHAMMED BIN HAMAD AL-SHARQI SECONDARY BOYS SCHOOL,AL FUJAIRAH,Mixed,Public,092230888;092230887,MOHAMMEDBINHAMADALSHARQI.FUJ@moe.gov.ae
ABU TAMMAM BOYS' SCHOOL CYCLE2 AND SECONDARY EDUCATION,AL FUJAIRAH,Male,Public,0527779689,Un-Known
AL-TAWIEN BOYS' SCHOOL CYCLE 2 & SECONDARY EDUCATION,AL FUJAIRAH,Male,Public,072585323;072585942,ALISTEQLAL.FUJ@moe.gov.ae
LUBNA BENT HUBAB SCHOOL - CYCLE1,AL FUJAIRAH,Mixed,Public,2442305,LUBNABENTHUBAB.FUJ@moe.gov.ae
Al- Fujairah School -Cycle1,AL FUJAIRAH,Mixed,Public,092221373;092226539,ALBAHAR.FUJ@moe.gov.ae
AL-QARIAH SCHOOL- CYCLE1,AL FUJAIRAH,Mixed,Public,,ALQARIAH.FUJ@moe.gov.ae
ZUBAIDAH BENT JAFAR SCHOOL- CYCLE1,AL FUJAIRAH,Mixed,Public,,ZUBAIDAHBENTJAFAR.FUJ@moe.gov.ae
MARIESHED SCHOOL - CYCLE1,AL FUJAIRAH,Mixed,Public,092024934;0503834114,Maryam-S.Alabdouli@ese.gov.ae
UM HAKIM AL-ANSARIAH SCHOOL- Cycle1,AL FUJAIRAH,Mixed,Public,092441515,UMMHAKIMALANSARIAH.FUJ@moe.gov.ae
AL-MA'REFAH SCHOOL -CYCLE1,AL FUJAIRAH,Mixed,Public,092024964;0504895051,Huyam.Alhosani@ese.gov.ae
JEWAIRYAH BENT AL-HARETH SCHOOL-CYCLE1,AL FUJAIRAH,Mixed,Public,092365016;0504333143,Maryam-SK.Alnaqbi@ese.gov.ae
SAFIAH BINT HOYAYE GIRLS SCHOOL -CYCLE2,AL FUJAIRAH,Female,Public,042442894;2443543,SAFIAHBINTHOYAYE.FUJ@moe.gov.ae
UMM AL-ALA' GIRLS SCHOOL- CYCLE2,AL FUJAIRAH,Female,Public,092227001;2243043,UMMALALA.FUJ@moe.gov.ae
MERBAH SECONDARY GIRLS SCHOOL,AL FUJAIRAH,Female,Public,0507999893,Safeyah.Almatrooshi@ese.gov.ae
DIBBA AL-FUJAIRAH GIRLS SCHOOL SECONDARY EDUCATION,AL FUJAIRAH,Female,Public,092024982,DIBBAALFUJAIRAH.FUJ@moe.gov.ae
"Al- Maarifah- 2 Girls' School Cycle1,2& Secondary Education",AL FUJAIRAH,Female,Public,092388681;092024972,LUBABABENTALHARETH.FUJ@moe.gov.ae
UMM AL-MO'MNEEN SECONDARY GIRLS SCHOOL,AL FUJAIRAH,Female,Public,092024936,mariam279105@moe.ae
AL-TAWIEN CYCLE2 & SECONDARY GIRLS SCHOOL,AL FUJAIRAH,Mixed,Public,092024889;092024889,ALTAWIEN.FUJ@moe.gov.ae
"Al-Siji Girls' School - KG - Cycle 1, 2, 3",AL FUJAIRAH,Mixed,Public,068854450,ALSIJI.FUJ@moe.gov.ae
"Masafi Girls' School - Cycle 2, 3",AL FUJAIRAH,Female,Public,042564424,MASAFI.FUJ@moe.gov.ae
"AL-ITQAN CYCLE 1,2 & SECONDARY SCHOOL",AL FUJAIRAH,Mixed,Public,,maryam-ra.ali@ese.gov.ae
HAMAD BIN ABDULLAH ALSHARQI BOYS SCHOOL - CYCLE2,AL FUJAIRAH,Male,Public,,Najat.Shaheen@ese.gov.ae
AL-MA'REFAH GIRLS SCHOOL CYCLE2 & SECONDARY EDUCATION,AL FUJAIRAH,Female,Public,042445659,ALRAHEEB.FUJ@moe.gov.ae
Masafi - KG,AL FUJAIRAH,Mixed,Public,092024946;092024947,sarah292176@moe.ae
AL-TAWIEN Kindergarten,AL FUJAIRAH,Mixed,Public,092024891,RIYAMAH.FUJ@moe.gov.ae
AL-FUJIRAH GIRLS SCHOOL / CYCLE2,AL FUJAIRAH,Female,Public,042226027;2241401,ALFUJIRAH.FUJ@moe.gov.ae
AL-MA'REFAH kindergarten,AL FUJAIRAH,Mixed,Public,09/2024966;0508925151,Sawsan.Hassan@ese.gov.ae
Al Raiyan School- Cycle1,AL FUJAIRAH,Mixed,Public,07-2585970,ALRAYAAN.FUJ@moe.gov.ae
Murbah Girls' School - Cycle2,AL FUJAIRAH,Female,Public,092024950;0506335070,najma272161@moe.ae
Al-Massa Girls' School Cycle2 & Secondary Education,AL FUJAIRAH,Female,Public,0506909123,Un-Known
MADHAB SECONDARY GIRLS SCHOOL,AL FUJAIRAH,Female,Public,0508849947,MADHAB.FUJ@moe.gov.ae
AL-GHOURFA KINDERGARTEN,AL FUJAIRAH,Mixed,Public,092223644;092223655,ALGHOURFA.FUJ@moe.gov.ae
Fujairah Boys' School for Secondary Education,AL FUJAIRAH,Male,Public,0504337040,Rowaya.Alkendi@ese.gov.ae
ALEbtekar Kindergarten,AL FUJAIRAH,Mixed,Public,,mahla275473@moe.ae
ALSALEH PRIVATE SCHOOL- Girls,SHARJAH,Female,Private,0507797037;06/5225704,shahodaziz@hotmail.com
Al Hikma private school,AJMAN,Mixed,Private,,Un-Known
ASSEM BIN THABIT SCHOOL- CYCLE2,AL FUJAIRAH,Male,Public,092222610;092242642,Un-Known
AL-WOROOD KINDERGARTEN,Ras Al Khaimah,Mixed,Public,072025436,ALWOROOD.RAK@moe.gov.ae
Ethen - KG,Ras Al Khaimah,Mixed,Public,072025420;072025420,ALNASEEM.RAK@moe.gov.ae
AL-EKHA'A KINDERGARTEN,Ras Al Khaimah,Mixed,Public,,ALEKHAA.RAK@moe.gov.ae
AL MANARA PRIVATE SCHOOL,ABU DHABI,Mixed,Private,025858621,almanara.pvt@moe.gov.ae
Alabeer - KG,Ras Al Khaimah,Mixed,Public,072025446,ALABEER.RAK@moe.gov.ae
Al Shaheed Tariq Al Shehi - KG,Ras Al Khaimah,Mixed,Public,072025462;072025463,aysha269936@moe.ae
AL-RAWABY KINDERGARTEN,Ras Al Khaimah,Mixed,Public,0504872271;072025476,ALRAWABY.RAK@moe.gov.ae
Al-Rahmah - KG,Ras Al Khaimah,Mixed,Public,0506277103;072025464,suaad.aalshehhi@ese.gov.ae
AL-GHADEER KINDERGARTEN,Ras Al Khaimah,Mixed,Public,0505899213;2445413,ALGHADEERk@staff.moe.gov.ae
Al-Basha'er - KG,Ras Al Khaimah,Mixed,Public,072025554,ALBASHAER.RAK@moe.gov.ae
Al-Ula -KG,Ras Al Khaimah,Mixed,Public,072025458;0554259552,wafa275306@moe.ae
RAFAAQ SCHOOL - CYCLE 1,Ras Al Khaimah,Mixed,Public,04/8524058;04/8524043,RAFAAQ.RAK@moe.gov.ae
KHATT kindergarten,Ras Al Khaimah,Mixed,Public,ALYANABEEA.RAK@moe.gov.ae;072025494,Un-Known
Ahmed Bin Majed School - Cycle 1,Ras Al Khaimah,Mixed,Public,072666235,AHMEDBINMAJID.RAK@moe.gov.ae
ASHABAL AL QUDS SECONDARY PRIVATE SCHOOL,ABU DHABI,Mixed,Private,025861440,9019@adek.gov.ae
Al-Wataneyah School - Cycle 1,Ras Al Khaimah,Mixed,Public,072584131;072025432,USAMABINZAID.RAK@moe.gov.ae
Al-Dhait School - Cycle 1,Ras Al Khaimah,Mixed,Public,072351617;072025653,ALMANSOUR.RAK@moe.gov.ae
Al-Qassimeyah School - Cycle 1,Ras Al Khaimah,Mixed,Public,072332332,hayat284496@moe.ae
BALLAT AL-SHUHADA'A BOY'S SCHOOL CYCLE 2 AND SECONDARY EDUCATION,Ras Al Khaimah,Male,Public,0720255619;0720255619;0720255619,BALLATALSHUHADAA.RAK@moe.gov.ae
Al-Jazeerah Al-Hamra School - Cycle 1,Ras Al Khaimah,Mixed,Public,,TARYAMOMRAN.RAK@moe.gov.ae
Ibn Zaydoon School - Cycle 1,Ras Al Khaimah,Mixed,Public,072025466;0507577571,Un-Known
MOUSA BIN NUSEIR BOY'S SCHOOL -CYCLE 2,Ras Al Khaimah,Male,Public,072025432;0551600050,MOUSABINNUSEIR.RAK@moe.gov.ae
UBEY BIN KA'AB SCHOOL -CYCLE1,Ras Al Khaimah,Mixed,Public,,UBEYBINKAAB.RAK@moe.gov.ae
EMIRATES PRIVATE SCHOOL,ABU DHABI,Mixed,Private,024448863,emiratesad.pvt@moe.gov.ae
GHALEELAH BOYS SCHOOL -CYCLE2,Ras Al Khaimah,Male,Public,072025456;072025457,saeed272352@moe.ae
Al-Rams Boys' School - Cycle2,Ras Al Khaimah,Male,Public,0505904432;072025510-072025508,RASHED272931@MOE.AE
"Al-Mataf Boys' School - Cycle 2, 3",Ras Al Khaimah,Male,Public,072239898;0503733447,hasan279333@moe.ae
"Khatt Boys' School - Cycle 2, 3",Ras Al Khaimah,Male,Public,072025489;072025488,AAREF.ALALI@ESE.GOV.AE
SHAML BOYS' SCHOOL CYCLE 2 AND SECONDARY EDUCATION,Ras Al Khaimah,Male,Public,0506271191;072025549,SHAML.RAK@moe.gov.ae
AL-JAWDAH BOYS' SCHOOL FOR SECONDARY EDUCATION,Ras Al Khaimah,Male,Public,072025444,alya.naser@ese.gov.ae
IBN AL-QAYYEM BOY'S SCHOOL-CYCLE 2,Ras Al Khaimah,Male,Public,0504323230;072283677,ebrahim273378@moe.ae
Al-Berirat Boys' School - Cycle 2,Ras Al Khaimah,Male,Public,072025662,ALBERIRAT.RAK@moe.gov.ae
OTHMAN BIN ABEE AL-A'AS BOYS' SCHOOL-CYCLE 2,Ras Al Khaimah,Male,Public,072442687,OTHMANBINABEEALAAS.RAK@moe.gov.ae
AL-RAMS BOYS' SCHOOL FOR SECONDARY EDUCATION,Ras Al Khaimah,Male,Public,072025542;072663034,ALRAMS.RAK@moe.gov.ae
"Masafi Boys' School - Cycle 2, 3",Ras Al Khaimah,Male,Public,042564212,MASSAFI.RAK@moe.gov.ae
Al-Gheel Boys' School - Cycle 3,Ras Al Khaimah,Male,Public,,ALGHEEL.RAK@moe.gov.ae
SHA'AM BOYS SCHOOL-CYCLE 2 AND SECONDARY EDUCATION,Ras Al Khaimah,Male,Public,072025460,abdulla-sa.alshehhi@ese.gov.ae
SA'EED BIN JUBAIR BOYS' SCHOOL FOR SECONDARY EDUCATION,Ras Al Khaimah,Male,Public,072025671;0505201588,Azza-O.Alshehhi@ese.gov.ae
RAS AL-KHAIMAH BOYS' SCHOOL FOR SECONDARY EDUCATION,Ras Al Khaimah,Male,Public,0097172025617;0506475006,mohammed272328@moe.ae
Tonb Boys' School - Cycle 3,Ras Al Khaimah,Male,Public,072025567,TONB.RAK@moe.gov.ae
"Al-Jazeerah Al-Hamra'a Boys' School - Cycle 2, 3",Ras Al Khaimah,Male,Public,092446602,ALJAZEERAHALHAMRAA.RAK@moe.gov.ae
SHAWKAH BOYS' SCHOOL CYCLE2 & SECONDARY EDUCATION,Ras Al Khaimah,Male,Public,068820090;074870515,SHAWKAH.RAK@moe.gov.ae
Fatima Bint Mubarak Boys' School Cycle2 And Secondary Education,Ras Al Khaimah,Male,Public,072025490;0557272471,rahma281478@moe.ae
"Al - Munaie Boys' School for Cycle1,2 & Secondary Education",Ras Al Khaimah,Male,Public,072025412;072025412,Un-Known
AL IKHLAS PRIVATE SCHOOL,ABU DHABI,Mixed,Private,025853591,alekhlass.pvt@moe.gov.ae
"WADI ASFENI FOR KINDERGARTEN, CYCLE1,2 & SECONDARY EDUCATION",Ras Al Khaimah,Mixed,Public,,wadiasfani@moe.gov.ae
Heraa Girls' School -Cycle 2,Ras Al Khaimah,Mixed,Public,072331486,HERRAA.RAK@moe.gov.ae
AL-WADI GIRLS' SCHOOL- CYCLE1,Ras Al Khaimah,Mixed,Public,072025469,UMMALQURAA.RAK@moe.gov.ae
Zahrat Al-Mada'en School - Cycle 1,Ras Al Khaimah,Mixed,Public,072025582,ZAHRATALMADAEN.RAK@moe.gov.ae
Al-Rams School - KG - Cycle 1,Ras Al Khaimah,Mixed,Public,2663389,ALOFUQ.RAK@moe.gov.ae
AL- GHUB GIRLS SCHOOL - CYCLE 2,Ras Al Khaimah,Female,Public,092227244,ALGHUB.RAK@moe.gov.ae
AL-WADI GIRLS'SCHOOL -CYCLE2,Ras Al Khaimah,Female,Public,072025472,Un-Known
AL- Maereid School-Cycle 1,Ras Al Khaimah,Mixed,Public,0525085499,shama-g.almansoori@ese.gov.ae
Ethen School - Cycle 1,Ras Al Khaimah,Mixed,Public,072585570,ETHEN.RAK@moe.gov.ae
AL-MATAF GIRLS' SCHOOL-CYCLE 2,Ras Al Khaimah,Female,Public,072235057;072235921,ALMATAF.RAK@moe.gov.ae
KHATT GIRLS' SCHOOL CYCLE1&2 AND SECONDARY EDUCATION,Ras Al Khaimah,Mixed,Public,072025482,Bayna27621@moe.ae
Al-Dhait Girls' School - Cycle 2,Ras Al Khaimah,Female,Public,2356652;0507990940,9079@moe.gov.ae
SUHAILAH GIRL'S SCHOOL - CYCLE 1&2,Ras Al Khaimah,Mixed,Public,0505890086,Meera-K.Almesafri@ese.gov.ae
AL-HUDEIBA GIRLS' SCHOOL FOR SECONDARY EDUCATION,Ras Al Khaimah,Female,Public,,ALHUDEIBA.RAK@moe.gov.ae
AL-NAJAH GIRLS' SCHOOL CYCLE2 AND SECONDARY EDUCATION,Ras Al Khaimah,Female,Public,072025430;0504444537,ALNAJAH.RAK@moe.gov.ae
Al-Jeer Girls' School - Cycle 3,Ras Al Khaimah,Female,Public,072025471;0504872004,Shaikha.Alremeithi@ese.gov.ae
"Al-Ro'yah Girls' School - Cycle 2, 3",Ras Al Khaimah,Female,Public,072663887,aroaah.rak@moe.gov.ae
AL-SABAHEYA GIRLS' SCHOOL CYCLE2 AND SECONDARY EDUCATION,Ras Al Khaimah,Female,Public,072331613;072332843,ALSABAHEYA.RAK@moe.gov.ae
Al - Maereid Girls' School Cycle 2 And Secondary Education,Ras Al Khaimah,Mixed,Public,092289300,NOORAHBINTSULTAN.RAK@moe.gov.ae
JULFAR GIRLS' SCHOOL FOR SECONDARY EDUCATION,Ras Al Khaimah,Female,Public,,JULFAR.RAK@moe.gov.ae
AL BASHAIR PRIVATE SCHOOL,ABU DHABI,Mixed,Private,025531666,albashair.pvt@moe.gov.ae
AL-DHEET GIRLS' SCHOOL FOR SECONDARY EDUCATION,Ras Al Khaimah,Female,Public,,ALDHEET.RAK@moe.gov.ae
Al-Hamham Girls' School - Cycle 3,Ras Al Khaimah,Female,Public,,ALHAMHAM.RAK@moe.gov.ae
AL EMAN PRIVATE SCHOOL - LLC,ABU DHABI,Mixed,Private,024436723,aliman.pvt@moe.gov.ae
AL MANHAL INTERNATIONAL PRIVATE SCHOOL,ABU DHABI,Mixed,Private,024998777,almanhalint.pvt@moe.gov.ae
ZEINAB GIRLS' SCHOOL CYCLE2 AND SECONDARY EDUCATION,Ras Al Khaimah,Mixed,Public,072445663,ZEINAB.RAK@moe.gov.ae
"KEDRA GIRLS KINDERGARTEN &SCHOOL CYCLE1,2 & SECONDARY EDUCATION",Ras Al Khaimah,Mixed,Public,068838112;068838183,KADRA@moe.gov.ae
NOJOUM KINDERGARTEN,Ras Al Khaimah,Mixed,Public,072025414;048525277,maitha279721@moe.ae
SHAML GIRLS' SCHOOL Cycle 1&2AND SECONDARY EDUCATOIN,Ras Al Khaimah,Mixed,Public,072025536,mouza277332@moe.ae
BARAEM AL AIN PRIVART SCHOOL,ABU DHABI,Mixed,Private,025831818,baraemalainad.pvt@moe.gov.ae
Alkhran School - Cycle 1,Ras Al Khaimah,Mixed,Public,072441683;072443868,BINDHAHERBOY.RAK@moe.gov.ae
BAIT AL MAQDES INTERNATIONAL PRIVATE SCHOOL,ABU DHABI,Mixed,Private,025527500,beitalmaqdes.pvt@moe.gov.ae
Al-Mataf School - Cycle 1,Ras Al Khaimah,Mixed,Public,,ALBARAABINAZEB.RAK@moe.gov.ae
HORIZON PRIVATE SCHOOL L.L.C.,ABU DHABI,Mixed,Private,025560310,horizon.pvt@moe.gov.ae
DAR AL ULOOM PRIVATE SCHOOL - BANIYAS,ABU DHABI,Mixed,Private,025831777,daraluloomad.pvt@moe.gov.ae
Al-Wataneyah Boys' School - Cycle 2,Ras Al Khaimah,Male,Public,072025424;0506298191,salim271791@moe.gov.ae
Al-Mataf - KG,Ras Al Khaimah,Mixed,Public,072239343,ALMOSTAQBAL.RAK@moe.gov.ae
FATMA BINT MUBARK KINDERGARTEN &GIRLS' SCHOOL CYCLE1&2 AND SECONDARY EDUCATION,Ras Al Khaimah,Mixed,Public,072025493,Un-Known
EMIRATES EDUCATINNAL EST. (BY BRANCH OF) EMIRATES PRIVATE SCHOOL,ABU DHABI,Mixed,Private,025832888,emiratesbaniyas.pvt@moe.gov.ae
Muhra Bint Ahmad School - Cycle 1,Ras Al Khaimah,Mixed,Public,072225111;0503395253;072211178,Mahrahsch.RAK@moe.gov.ae
AL-AA'THEER KINDERGARTEN,Ras Al Khaimah,Mixed,Public,072025450,Un-Known
ROSARY SCHOOL - L L C,ABU DHABI,Mixed,Private,024452500,rosary.pvt@moe.gov.ae
VISION PRIVATE SCHOOL LLC,ABU DHABI,Mixed,Private,024477730,vision.pvt@moe.gov.ae
INTERNATIONAL PRIVATE SCHOOL,AL AIN,Mixed,Private,037553505,international.pvt@moe.gov.ae
AIN AL KHALEEJ SCHOOL,AL AIN,Mixed,Private,037811232,ainalkhaleej.pvt@moe.gov.ae
AL ANDALUS PRIVATE ACADEMY,AL AIN,Mixed,Private,037829980,alandulusacad.pvt@adek.abudhabi.ae
AL AWAEL PRIVATE SCHOOL,AL AIN,Mixed,Private,037806070;0507301918,alawail.pvt@moe.gov.ae
AL DAR PRIVATE SCHOOL,AL AIN,Mixed,Private,037832215,aldar.pvt@moe.gov.ae
AL HAMDANIYA GRAND PRIVATE SCHOOL L.L.C.,AL AIN,Mixed,Private,037813114,alhamdanya.pvt@moe.gov.ae
AL ISRAA PRIVATE SCHOOL,AL AIN,Mixed,Private,037612155,alisraa.pvt@moe.gov.ae
ALKHALIL INTERNATIONAL PRIVATE SCHOOLS,AL AIN,Mixed,Private,037820676,alkhalilint.pvt@moe.gov.ae
AL SEDDIQUE PRIVATE SCHOOL,AL AIN,Mixed,Private,037643969,alseddeeq.pvt@moe.gov.ae
AL YAHAR PRIVATE SCHOOL and KINDERGARTEN,AL AIN,Mixed,Private,037814454,alyaher.pvt@adek.gov.ae
BARAEM AL AIN PRIVATE SCHOOLS,AL AIN,Mixed,Private,037678848,baraaimalainaa.pvt@moe.gov.ae
EMIRATES EDUCATINNAL EST. (??AA BRANCH OF) EMIRATES PRIVATE SCHOOL,AL AIN,Mixed,Private,037679322,emiratesaa.pvt@moe.gov.ae
LEBANON FIRST SCHOOL AND KINDERGARTEN -LLC,AL AIN,Mixed,Private,037806780,firstlebanon.pvt@moe.gov.ae
International School of Choueifat,Umm Al Quwain,Mixed,Private,067665888;067662088,iscuaq@sabis.net
PALESTINE PRIVATE ACADEMY L.L.C.,AL AIN,Mixed,Private,037678914,palestine.pvt@moe.gov.ae
AL TAFAWWUQ AL ILMI PRIVATE SCHOOL,AL AIN,Mixed,Private,037614455,scidistinction.pvt@moe.gov.ae
TAWAM PRIVATE MODEL SCHOOL,AL AIN,Mixed,Private,037810912,9172@adek.gov.ae
UNIVERSAL PRIVATE SCHOOL L.L.C.,AL AIN,Mixed,Private,037678884,universal.pvt@moe.gov.ae
ZAKHER PRIVATE SCHOOL,AL AIN,Mixed,Private,037811810,zakher.pvt@moe.gov.ae
AL MARFA INTERNATIONAL SCHOOL,AL DHAFRA,Mixed,Private,028836022,almarfaaint.pvt@moe.gov.ae
ALDHABIYNEA PRIVATE SCHOOL,ABU DHABI,Mixed,Private,026678282,aldhabiania.pvt@moe.gov.ae
DAR AL ULOOM PRIVATE SCHOOL - FALAJ HAZZA BRANCH,AL AIN,Mixed,Private,037676514,daraluloomaa.pvt@moe.gov.ae
BIN KHALDOON ISLAMIC PRIVATE SCHOOL,AL AIN,Mixed,Private,037815614,ibnkhaldoun.pvt@moe.gov.ae
AL JEEL AL JADEED KG,ABU DHABI,Mixed,Public,024119487,920@moe.gov.ae
YAS ACADEMY SCHOOL,ABU DHABI,Mixed,Private,026678900,yasacademy.pvt@moe.gov.ae
EMIRATES EDUCATION ACADEMY,AL DHAFRA,Mixed,Private,028870887,emiratesedu.academy@moe.gov.ae
AL QOUA KG,AL AIN,Mixed,Public,037194117,923@ese.gov.ae
AL NAKHEEL KG,AL AIN,Mixed,Public,037194152,924@moe.gov.ae
AL THARWATH NATIONAL PRIVATE SCHOOL L.L.C.,ABU DHABI,Mixed,Private,025822533,altharawat.pvt@moe.gov.ae
AL MASHAIL NATIONAL PRIVATE SCHOOL,ABU DHABI,Mixed,Private,024482414,nationaltorches.pvt@moe.gov.ae
ALMAHARAT PRIVATE SCHOOL L.L.C.,ABU DHABI,Mixed,Private,025576099,almaharat.pvt@moe.gov.ae
AL MUNEERA PRIVATE SCHOOL L.L.C.,ABU DHABI,Mixed,Private,025827005,almuneera.pvt@moe.gov.ae
AL MANARA PRIVATE SCHOOL - BRANCH 1,ABU DHABI,Mixed,Private,,almanarambz.pvt@moe.gov.ae
DAR ALSALAM PRIVATE SCHOOL,Ras Al Khaimah,Mixed,Private,072361154;0507791785;0507791786;0551332133,daralsalamschool@ymail.com
AL TAWYAH KG,AL AIN,Mixed,Public,037638966,940@moe.gov.ae
AL NOKHBAH,AL DHAFRA,Male,Public,028832414,941@moe.gov.ae
AL SHOMOOKH,AL DHAFRA,Female,Public,028832101,942@moe.gov.ae
AL-KHARRAN PARENT COUNCIL CLASSES,Ras Al Khaimah,Female,Private,0566279727,kharang1@hotmail.com
AL-NAKHEEL PARENT COUNCIL CLASSES,Ras Al Khaimah,Male,Private,,Un-Known
The International school of choueifat,Ras Al Khaimah,Mixed,Private,072353446;0097172353447,iscrasalkhaimah@sabis.net
Ramsis English Private School,Ras Al Khaimah,Mixed,Private,072362520;072362521,Britishramsisschool@gmail.com
Omer Bin Al Khatab Pakist. Islamic High Private School,AJMAN,Mixed,Private,067467634;067461727,obkpihs@hotmail.com
Indian Private School,Ras Al Khaimah,Mixed,Private,072288346,indianschoolrak@gmail.com
fujairah private academy,AL FUJAIRAH,Mixed,Private,,moe@fpa.sch.ae
The New Indian Private School,Umm Al Quwain,Mixed,Private,067666965,schooluaq2@gmail.com
THE ENGLISH PRIVATE SCHOOL UAQ,Umm Al Quwain,Mixed,Private,,schooluaq@gmail.com
Ras Al Khaimah Academy (BCPS),Ras Al Khaimah,Mixed,Private,,Un-Known
Ras Al Khaimah Academy (I.B),Ras Al Khaimah,Mixed,Private,072362441;072363997;07/2362445,Un-Known
Scholars Indian school,Ras Al Khaimah,Mixed,Private,072227600;072227606,rakscholars@gmail.com
English Ideal Private School,Ras Al Khaimah,Mixed,Private,07/2281500,schoolidealenglish@yahoo.com
The Royal Academy Ajman,AJMAN,Mixed,Private,067494449,arabicsecretary@royalacademyajman.com
Indian Public High Private School,Ras Al Khaimah,Mixed,Private,072223124,iphs@eim.ae
Pakistan Islamia Higher Secondary Private School,AL FUJAIRAH,Mixed,Private,,pihschoolfujairah@gmail.com
OUR OWN ENGLISH HIGH SCHOOL (G.C.S.E),AL FUJAIRAH,Mixed,Private,,info@ourown.school
OUR OWN ENGLISH HIGH SCHOOL(Indian),AL FUJAIRAH,Mixed,Private,,info@ourown.school
Alameer English Private School,AJMAN,Mixed,Private,+97167436650,Un-Known
BANGLADESH ENGLISH PRIVATE SCHOOL,Ras Al Khaimah,Mixed,Private,,bisrakuae@gmail.com
Harvest Private School,Ras Al Khaimah,Mixed,Private,072352002;072355005,harvestp.school@gmail.com
Pakistan Higher Secondary School,Ras Al Khaimah,Mixed,Private,072281145;072281146;0556160305;072289696,pakistanischoolrak@yahoo.com
Pakistani Islamia H. Secondary School,AJMAN,Mixed,Private,,enquiry@psa.sch.ae
AL NATIONAL SCHOOL- AJMAN(American),AJMAN,Mixed,Private,,Nationalschooluae@gmail.com
INTERNATIONAL INDIAN PRIVATE SCHOOL,AJMAN,Mixed,Private,067408333,arabsec@iisajman.org
St. Maryâ€™s Catholic High School(G.C.S.E),AL FUJAIRAH,Mixed,Private,,arabic.secretary-smf@smgeducation.org
St. Maryâ€™s Catholic High School(Indian),AL FUJAIRAH,Mixed,Private,,arabic.secretary-smf@smgeducation.org
MODERN INDIAN SCHOOL DIBBA,AL FUJAIRAH,Mixed,Private,,mischooldibba@gmail.com
Alpha Private School,Ras Al Khaimah,Mixed,Private,,alphaschoolrak@gmail.com
Ajman Modern School,AJMAN,Mixed,Private,,Un-Known
Diyar Private Academy - Dibba,AL FUJAIRAH,Mixed,Private,092043000;092043001,info.diyar@fng.ae
New Indian Private School - rak,Ras Al Khaimah,Mixed,Private,072270881;072280886;072283886;07-2273886,nis_rak@hotmail.com
Elite American Private School,Umm Al Quwain,Mixed,Private,06/7672226,Un-Known
American Rak Academy,Ras Al Khaimah,Mixed,Private,0097172211462;00971504875853;0097172211463,Un-Known
East Point Indian International Private School,AJMAN,Mixed,Private,067474899;067480949,info@eastpoint.ae
THE FIRST ACADEMY PRIVATE SCHOOL,AJMAN,Mixed,Private,067417111,info@firstacademy.org
AJMAN ACADEMY PRIVATE SCHOOL,AJMAN,Mixed,Private,067314444,school@ajmanacademy.com
GEMS Westminster School - RAK,Ras Al Khaimah,Mixed,Private,072035999,ministry_wsr@gemsedu.com
Diyar Private Academy - Fujairah,AL FUJAIRAH,Mixed,Private,092010500,Un-Known
HABITAT Private School,AJMAN,Mixed,Private,,info@habitatschool.org
International School of Choueifat,Umm Al Quwain,Mixed,Private,067665888;067662088,iscuaq@sabis.net
The International school of choueifat,Ras Al Khaimah,Mixed,Private,072353446;0097172353447,iscrasalkhaimah@sabis.net